[{"model": "admin.logentry", "pk": 1, "fields": {"action_time": "2021-08-11T12:39:38.358Z", "user": 1, "content_type": 6, "object_id": "1", "object_repr": "Shirts", "action_flag": 1, "change_message": "[{\"added\": {}}]"}}, {"model": "admin.logentry", "pk": 2, "fields": {"action_time": "2021-08-11T12:50:41.671Z", "user": 1, "content_type": 6, "object_id": "2", "object_repr": "trousers", "action_flag": 1, "change_message": "[{\"added\": {}}]"}}, {"model": "admin.logentry", "pk": 3, "fields": {"action_time": "2021-08-13T07:52:41.944Z", "user": 1, "content_type": 6, "object_id": "3", "object_repr": "Jackets", "action_flag": 1, "change_message": "[{\"added\": {}}]"}}, {"model": "admin.logentry", "pk": 4, "fields": {"action_time": "2021-08-13T07:53:12.929Z", "user": 1, "content_type": 6, "object_id": "4", "object_repr": "Jeans", "action_flag": 1, "change_message": "[{\"added\": {}}]"}}, {"model": "admin.logentry", "pk": 5, "fields": {"action_time": "2021-08-13T07:53:45.943Z", "user": 1, "content_type": 6, "object_id": "5", "object_repr": "Shoes", "action_flag": 1, "change_message": "[{\"added\": {}}]"}}, {"model": "admin.logentry", "pk": 6, "fields": {"action_time": "2021-08-13T08:13:52.600Z", "user": 1, "content_type": 8, "object_id": "1", "object_repr": "Gucci shirt", "action_flag": 1, "change_message": "[{\"added\": {}}]"}}, {"model": "admin.logentry", "pk": 7, "fields": {"action_time": "2021-08-13T08:17:12.737Z", "user": 1, "content_type": 8, "object_id": "2", "object_repr": "ATX-Jeans", "action_flag": 1, "change_message": "[{\"added\": {}}]"}}, {"model": "admin.logentry", "pk": 8, "fields": {"action_time": "2021-08-13T08:18:12.836Z", "user": 1, "content_type": 8, "object_id": "3", "object_repr": "Blue-Shirt", "action_flag": 1, "change_message": "[{\"added\": {}}]"}}, {"model": "admin.logentry", "pk": 9, "fields": {"action_time": "2021-08-13T08:28:09.537Z", "user": 1, "content_type": 8, "object_id": "4", "object_repr": "Tommy Hilfigier", "action_flag": 1, "change_message": "[{\"added\": {}}]"}}, {"model": "admin.logentry", "pk": 10, "fields": {"action_time": "2021-08-13T08:31:56.233Z", "user": 1, "content_type": 8, "object_id": "5", "object_repr": "Puma-Ferrari-Shoes", "action_flag": 1, "change_message": "[{\"added\": {}}]"}}, {"model": "admin.logentry", "pk": 11, "fields": {"action_time": "2021-08-13T08:32:41.991Z", "user": 1, "content_type": 8, "object_id": "6", "object_repr": "Jordan true flight basketball shoes", "action_flag": 1, "change_message": "[{\"added\": {}}]"}}, {"model": "admin.logentry", "pk": 12, "fields": {"action_time": "2021-08-13T08:33:19.775Z", "user": 1, "content_type": 8, "object_id": "7", "object_repr": "US polo assn jacket", "action_flag": 1, "change_message": "[{\"added\": {}}]"}}, {"model": "admin.logentry", "pk": 13, "fields": {"action_time": "2021-08-13T08:33:55.190Z", "user": 1, "content_type": 8, "object_id": "8", "object_repr": "Wrangler shirt", "action_flag": 1, "change_message": "[{\"added\": {}}]"}}, {"model": "admin.logentry", "pk": 14, "fields": {"action_time": "2021-08-17T11:30:32.402Z", "user": 1, "content_type": 8, "object_id": "7", "object_repr": "US polo assn jacket", "action_flag": 2, "change_message": "[{\"changed\": {\"fields\": [\"Stock\"]}}]"}}, {"model": "admin.logentry", "pk": 15, "fields": {"action_time": "2021-08-19T14:57:42.246Z", "user": 1, "content_type": 8, "object_id": "5", "object_repr": "Puma-Ferrari-Shoes", "action_flag": 2, "change_message": "[{\"changed\": {\"fields\": [\"Description\"]}}]"}}, {"model": "admin.logentry", "pk": 16, "fields": {"action_time": "2021-08-24T15:12:23.819Z", "user": 1, "content_type": 11, "object_id": "1", "object_repr": "ATX-Jeans", "action_flag": 1, "change_message": "[{\"added\": {}}]"}}, {"model": "admin.logentry", "pk": 17, "fields": {"action_time": "2021-08-24T15:12:44.158Z", "user": 1, "content_type": 11, "object_id": "2", "object_repr": "Tommy Hilfigier", "action_flag": 1, "change_message": "[{\"added\": {}}]"}}, {"model": "admin.logentry", "pk": 18, "fields": {"action_time": "2021-08-24T15:41:37.933Z", "user": 1, "content_type": 11, "object_id": "3", "object_repr": "Tommy Hilfigier", "action_flag": 1, "change_message": "[{\"added\": {}}]"}}, {"model": "admin.logentry", "pk": 19, "fields": {"action_time": "2021-08-24T20:37:07.156Z", "user": 1, "content_type": 11, "object_id": "4", "object_repr": "Tommy Hilfigier", "action_flag": 1, "change_message": "[{\"added\": {}}]"}}, {"model": "admin.logentry", "pk": 20, "fields": {"action_time": "2021-08-24T20:37:20.776Z", "user": 1, "content_type": 11, "object_id": "5", "object_repr": "Tommy Hilfigier", "action_flag": 1, "change_message": "[{\"added\": {}}]"}}, {"model": "admin.logentry", "pk": 21, "fields": {"action_time": "2021-08-25T15:29:27.121Z", "user": 1, "content_type": 9, "object_id": "9", "object_repr": "Gucci shirt", "action_flag": 3, "change_message": ""}}, {"model": "admin.logentry", "pk": 22, "fields": {"action_time": "2021-08-25T15:29:27.288Z", "user": 1, "content_type": 9, "object_id": "7", "object_repr": "Blue-Shirt", "action_flag": 3, "change_message": ""}}, {"model": "admin.logentry", "pk": 23, "fields": {"action_time": "2021-08-25T15:29:27.339Z", "user": 1, "content_type": 9, "object_id": "6", "object_repr": "ATX-Jeans", "action_flag": 3, "change_message": ""}}, {"model": "admin.logentry", "pk": 24, "fields": {"action_time": "2021-08-25T15:29:27.536Z", "user": 1, "content_type": 9, "object_id": "5", "object_repr": "Gucci shirt", "action_flag": 3, "change_message": ""}}, {"model": "admin.logentry", "pk": 25, "fields": {"action_time": "2021-08-25T20:44:30.415Z", "user": 1, "content_type": 11, "object_id": "6", "object_repr": "grey", "action_flag": 1, "change_message": "[{\"added\": {}}]"}}, {"model": "admin.logentry", "pk": 26, "fields": {"action_time": "2021-08-25T20:44:45.121Z", "user": 1, "content_type": 11, "object_id": "6", "object_repr": "small", "action_flag": 2, "change_message": "[{\"changed\": {\"fields\": [\"Variation category\", \"Variation value\"]}}]"}}, {"model": "admin.logentry", "pk": 27, "fields": {"action_time": "2021-08-25T20:44:54.779Z", "user": 1, "content_type": 11, "object_id": "6", "object_repr": "small", "action_flag": 2, "change_message": "[]"}}, {"model": "admin.logentry", "pk": 28, "fields": {"action_time": "2021-08-25T20:45:23.254Z", "user": 1, "content_type": 11, "object_id": "6", "object_repr": "small", "action_flag": 2, "change_message": "[]"}}, {"model": "admin.logentry", "pk": 29, "fields": {"action_time": "2021-08-25T20:45:34.768Z", "user": 1, "content_type": 11, "object_id": "6", "object_repr": "grey", "action_flag": 2, "change_message": "[{\"changed\": {\"fields\": [\"Variation category\", \"Variation value\"]}}]"}}, {"model": "admin.logentry", "pk": 30, "fields": {"action_time": "2021-08-25T20:45:40.026Z", "user": 1, "content_type": 11, "object_id": "6", "object_repr": "grey", "action_flag": 2, "change_message": "[]"}}, {"model": "admin.logentry", "pk": 31, "fields": {"action_time": "2021-08-25T20:46:17.201Z", "user": 1, "content_type": 11, "object_id": "7", "object_repr": "small", "action_flag": 1, "change_message": "[{\"added\": {}}]"}}, {"model": "admin.logentry", "pk": 32, "fields": {"action_time": "2021-08-25T22:06:33.797Z", "user": 1, "content_type": 9, "object_id": "28", "object_repr": "Tommy Hilfigier", "action_flag": 3, "change_message": ""}}, {"model": "admin.logentry", "pk": 33, "fields": {"action_time": "2021-08-25T22:06:33.863Z", "user": 1, "content_type": 9, "object_id": "27", "object_repr": "Tommy Hilfigier", "action_flag": 3, "change_message": ""}}, {"model": "admin.logentry", "pk": 34, "fields": {"action_time": "2021-08-25T22:06:33.906Z", "user": 1, "content_type": 9, "object_id": "26", "object_repr": "Tommy Hilfigier", "action_flag": 3, "change_message": ""}}, {"model": "admin.logentry", "pk": 35, "fields": {"action_time": "2021-08-26T06:37:42.869Z", "user": 1, "content_type": 9, "object_id": "33", "object_repr": "Tommy Hilfigier", "action_flag": 3, "change_message": ""}}, {"model": "admin.logentry", "pk": 36, "fields": {"action_time": "2021-08-26T06:37:42.922Z", "user": 1, "content_type": 9, "object_id": "32", "object_repr": "Tommy Hilfigier", "action_flag": 3, "change_message": ""}}, {"model": "admin.logentry", "pk": 37, "fields": {"action_time": "2021-08-26T06:37:43.016Z", "user": 1, "content_type": 9, "object_id": "31", "object_repr": "Tommy Hilfigier", "action_flag": 3, "change_message": ""}}, {"model": "admin.logentry", "pk": 38, "fields": {"action_time": "2021-08-26T06:37:43.107Z", "user": 1, "content_type": 9, "object_id": "30", "object_repr": "Tommy Hilfigier", "action_flag": 3, "change_message": ""}}, {"model": "admin.logentry", "pk": 39, "fields": {"action_time": "2021-08-26T06:37:43.142Z", "user": 1, "content_type": 9, "object_id": "29", "object_repr": "Tommy Hilfigier", "action_flag": 3, "change_message": ""}}, {"model": "admin.logentry", "pk": 40, "fields": {"action_time": "2021-08-26T07:12:15.520Z", "user": 1, "content_type": 9, "object_id": "35", "object_repr": "Tommy Hilfigier", "action_flag": 3, "change_message": ""}}, {"model": "admin.logentry", "pk": 41, "fields": {"action_time": "2021-08-26T07:12:16.145Z", "user": 1, "content_type": 9, "object_id": "34", "object_repr": "Tommy Hilfigier", "action_flag": 3, "change_message": ""}}, {"model": "admin.logentry", "pk": 42, "fields": {"action_time": "2021-08-29T00:02:48.275Z", "user": 1, "content_type": 7, "object_id": "10", "object_repr": "salimaannmmnnnomari@gmail.com", "action_flag": 3, "change_message": ""}}, {"model": "admin.logentry", "pk": 43, "fields": {"action_time": "2021-08-29T00:02:48.375Z", "user": 1, "content_type": 7, "object_id": "9", "object_repr": "salimaannmnnnomari@gmail.com", "action_flag": 3, "change_message": ""}}, {"model": "admin.logentry", "pk": 44, "fields": {"action_time": "2021-08-29T00:02:48.543Z", "user": 1, "content_type": 7, "object_id": "8", "object_repr": "salimaannnnnomari@gmail.com", "action_flag": 3, "change_message": ""}}, {"model": "admin.logentry", "pk": 45, "fields": {"action_time": "2021-08-29T00:02:48.690Z", "user": 1, "content_type": 7, "object_id": "7", "object_repr": "salimaannnnomari@gmail.com", "action_flag": 3, "change_message": ""}}, {"model": "admin.logentry", "pk": 46, "fields": {"action_time": "2021-08-29T00:02:48.850Z", "user": 1, "content_type": 7, "object_id": "6", "object_repr": "salimaannnomari@gmail.com", "action_flag": 3, "change_message": ""}}, {"model": "admin.logentry", "pk": 47, "fields": {"action_time": "2021-08-29T00:02:49.007Z", "user": 1, "content_type": 7, "object_id": "5", "object_repr": "bilsn@gmail.com", "action_flag": 3, "change_message": ""}}, {"model": "admin.logentry", "pk": 48, "fields": {"action_time": "2021-08-29T00:02:49.110Z", "user": 1, "content_type": 7, "object_id": "4", "object_repr": "bils@gmail.com", "action_flag": 3, "change_message": ""}}, {"model": "admin.logentry", "pk": 49, "fields": {"action_time": "2021-08-29T00:02:49.268Z", "user": 1, "content_type": 7, "object_id": "3", "object_repr": "bil@gmail.com", "action_flag": 3, "change_message": ""}}, {"model": "admin.logentry", "pk": 50, "fields": {"action_time": "2021-08-29T00:02:49.484Z", "user": 1, "content_type": 7, "object_id": "2", "object_repr": "salimaaomari@gmail.com", "action_flag": 3, "change_message": ""}}, {"model": "admin.logentry", "pk": 51, "fields": {"action_time": "2021-08-30T08:07:00.487Z", "user": 1, "content_type": 7, "object_id": "18", "object_repr": "salimaaomarmi@gmail.com", "action_flag": 3, "change_message": ""}}, {"model": "admin.logentry", "pk": 52, "fields": {"action_time": "2021-08-30T08:07:01.634Z", "user": 1, "content_type": 7, "object_id": "17", "object_repr": "salimaaommmamauri@gmail.com", "action_flag": 3, "change_message": ""}}, {"model": "admin.logentry", "pk": 53, "fields": {"action_time": "2021-08-30T08:07:02.166Z", "user": 1, "content_type": 7, "object_id": "16", "object_repr": "salimaaommamauri@gmail.com", "action_flag": 3, "change_message": ""}}, {"model": "admin.logentry", "pk": 54, "fields": {"action_time": "2021-08-30T08:07:02.867Z", "user": 1, "content_type": 7, "object_id": "15", "object_repr": "salimaaomamauri@gmail.com", "action_flag": 3, "change_message": ""}}, {"model": "admin.logentry", "pk": 55, "fields": {"action_time": "2021-08-30T08:07:03.420Z", "user": 1, "content_type": 7, "object_id": "14", "object_repr": "salimaaomaauri@gmail.com", "action_flag": 3, "change_message": ""}}, {"model": "admin.logentry", "pk": 56, "fields": {"action_time": "2021-08-30T08:07:04.365Z", "user": 1, "content_type": 7, "object_id": "13", "object_repr": "salimaaomaari@gmail.com", "action_flag": 3, "change_message": ""}}, {"model": "admin.logentry", "pk": 57, "fields": {"action_time": "2021-08-30T08:07:05.194Z", "user": 1, "content_type": 7, "object_id": "12", "object_repr": "salimaaljomari@gmail.com", "action_flag": 3, "change_message": ""}}, {"model": "admin.logentry", "pk": 58, "fields": {"action_time": "2021-08-30T08:07:05.657Z", "user": 1, "content_type": 7, "object_id": "11", "object_repr": "salimaalomari@gmail.com", "action_flag": 3, "change_message": ""}}, {"model": "admin.logentry", "pk": 59, "fields": {"action_time": "2021-08-30T08:16:17.523Z", "user": 1, "content_type": 7, "object_id": "19", "object_repr": "salimaaomari@gmail.com", "action_flag": 3, "change_message": ""}}, {"model": "admin.logentry", "pk": 60, "fields": {"action_time": "2021-08-30T12:22:14.911Z", "user": 1, "content_type": 7, "object_id": "21", "object_repr": "salimaaomari@gmail.com", "action_flag": 3, "change_message": ""}}, {"model": "admin.logentry", "pk": 61, "fields": {"action_time": "2021-08-30T12:22:14.991Z", "user": 1, "content_type": 7, "object_id": "20", "object_repr": "salimahaomari@gmail.com", "action_flag": 3, "change_message": ""}}, {"model": "admin.logentry", "pk": 62, "fields": {"action_time": "2021-09-14T09:52:04.265Z", "user": 1, "content_type": 7, "object_id": "22", "object_repr": "salimaaomari@gmail.com", "action_flag": 3, "change_message": ""}}, {"model": "admin.logentry", "pk": 63, "fields": {"action_time": "2021-09-14T10:02:49.849Z", "user": 1, "content_type": 7, "object_id": "23", "object_repr": "salimaaomari@gmail.com", "action_flag": 3, "change_message": ""}}, {"model": "admin.logentry", "pk": 64, "fields": {"action_time": "2021-09-14T12:44:29.339Z", "user": 1, "content_type": 10, "object_id": "4", "object_repr": "1ifiy1ekg9ntsp17gz23dy4xh6xd5gwy", "action_flag": 3, "change_message": ""}}, {"model": "admin.logentry", "pk": 65, "fields": {"action_time": "2021-09-14T12:44:29.444Z", "user": 1, "content_type": 10, "object_id": "3", "object_repr": "ncmo1d3chyd56bxopq9tb3dc9nrmrpyj", "action_flag": 3, "change_message": ""}}, {"model": "admin.logentry", "pk": 66, "fields": {"action_time": "2021-09-14T12:44:29.479Z", "user": 1, "content_type": 10, "object_id": "2", "object_repr": "0wfpc2nhuoxm1hsccy0dsrtbxbrclxhd", "action_flag": 3, "change_message": ""}}, {"model": "admin.logentry", "pk": 67, "fields": {"action_time": "2021-09-14T12:44:29.512Z", "user": 1, "content_type": 10, "object_id": "1", "object_repr": "yx1hw3cup5yinfql22drw1svsnizf5y3", "action_flag": 3, "change_message": ""}}, {"model": "admin.logentry", "pk": 68, "fields": {"action_time": "2021-09-14T13:51:54.659Z", "user": 1, "content_type": 9, "object_id": "45", "object_repr": "Tommy Hilfigier", "action_flag": 3, "change_message": ""}}, {"model": "admin.logentry", "pk": 69, "fields": {"action_time": "2021-09-14T13:51:54.721Z", "user": 1, "content_type": 9, "object_id": "44", "object_repr": "Tommy Hilfigier", "action_flag": 3, "change_message": ""}}, {"model": "admin.logentry", "pk": 70, "fields": {"action_time": "2021-09-14T13:51:54.757Z", "user": 1, "content_type": 9, "object_id": "43", "object_repr": "Gucci shirt", "action_flag": 3, "change_message": ""}}, {"model": "admin.logentry", "pk": 71, "fields": {"action_time": "2021-09-14T13:51:54.792Z", "user": 1, "content_type": 9, "object_id": "42", "object_repr": "Gucci shirt", "action_flag": 3, "change_message": ""}}, {"model": "admin.logentry", "pk": 72, "fields": {"action_time": "2021-09-14T13:56:56.017Z", "user": 1, "content_type": 7, "object_id": "24", "object_repr": "salimaaomari@gmail.com", "action_flag": 2, "change_message": "[{\"changed\": {\"fields\": [\"Is admin\", \"Is superadmin\"]}}]"}}, {"model": "admin.logentry", "pk": 73, "fields": {"action_time": "2021-09-14T14:02:53.841Z", "user": 1, "content_type": 9, "object_id": "49", "object_repr": "Tommy Hilfigier", "action_flag": 3, "change_message": ""}}, {"model": "admin.logentry", "pk": 74, "fields": {"action_time": "2021-09-14T14:02:53.879Z", "user": 1, "content_type": 9, "object_id": "48", "object_repr": "Tommy Hilfigier", "action_flag": 3, "change_message": ""}}, {"model": "admin.logentry", "pk": 75, "fields": {"action_time": "2021-09-14T14:02:53.913Z", "user": 1, "content_type": 9, "object_id": "47", "object_repr": "Tommy Hilfigier", "action_flag": 3, "change_message": ""}}, {"model": "admin.logentry", "pk": 76, "fields": {"action_time": "2021-09-14T14:02:53.951Z", "user": 1, "content_type": 9, "object_id": "46", "object_repr": "Tommy Hilfigier", "action_flag": 3, "change_message": ""}}, {"model": "admin.logentry", "pk": 77, "fields": {"action_time": "2021-09-14T15:20:23.885Z", "user": 1, "content_type": 10, "object_id": "17", "object_repr": "nvvwcqrhpfz0556e6mihv7clcjxqbdyf", "action_flag": 3, "change_message": ""}}, {"model": "admin.logentry", "pk": 78, "fields": {"action_time": "2021-09-14T15:20:23.949Z", "user": 1, "content_type": 10, "object_id": "16", "object_repr": "cbhzyuir0bdhdcd80f30zc6syyen30sn", "action_flag": 3, "change_message": ""}}, {"model": "admin.logentry", "pk": 79, "fields": {"action_time": "2021-09-14T15:20:23.985Z", "user": 1, "content_type": 10, "object_id": "15", "object_repr": "p6m8qbkel4s2fkj7j35oepev4k8cpbeq", "action_flag": 3, "change_message": ""}}, {"model": "admin.logentry", "pk": 80, "fields": {"action_time": "2021-09-14T15:20:24.019Z", "user": 1, "content_type": 10, "object_id": "14", "object_repr": "5e9zlxuw8p8bjs2efc5ljdw096we6a4g", "action_flag": 3, "change_message": ""}}, {"model": "admin.logentry", "pk": 81, "fields": {"action_time": "2021-09-14T15:20:24.123Z", "user": 1, "content_type": 10, "object_id": "13", "object_repr": "bx9wbjtlbwujq220bqi4raddeqeklum9", "action_flag": 3, "change_message": ""}}, {"model": "admin.logentry", "pk": 82, "fields": {"action_time": "2021-09-14T15:20:24.156Z", "user": 1, "content_type": 10, "object_id": "12", "object_repr": "l2a45j2lqxyxv34pxv1u29bygfy5qjo1", "action_flag": 3, "change_message": ""}}, {"model": "admin.logentry", "pk": 83, "fields": {"action_time": "2021-09-14T15:20:24.260Z", "user": 1, "content_type": 10, "object_id": "11", "object_repr": "w994jf0mx4f8qenk0go91hxd0nf6oe2b", "action_flag": 3, "change_message": ""}}, {"model": "admin.logentry", "pk": 84, "fields": {"action_time": "2021-09-14T15:20:24.372Z", "user": 1, "content_type": 10, "object_id": "10", "object_repr": "youk0unq1funp3htr4qy3tc05kksd5rc", "action_flag": 3, "change_message": ""}}, {"model": "admin.logentry", "pk": 85, "fields": {"action_time": "2021-09-14T15:20:24.463Z", "user": 1, "content_type": 10, "object_id": "9", "object_repr": "4kttn8xq7qfwvin97tjc980ypq8j7750", "action_flag": 3, "change_message": ""}}, {"model": "admin.logentry", "pk": 86, "fields": {"action_time": "2021-09-14T15:20:24.625Z", "user": 1, "content_type": 10, "object_id": "8", "object_repr": "lq7bpb29h4brztxiz77q84zfe2lxhko0", "action_flag": 3, "change_message": ""}}, {"model": "admin.logentry", "pk": 87, "fields": {"action_time": "2021-09-14T15:20:24.725Z", "user": 1, "content_type": 10, "object_id": "7", "object_repr": "t4kur1uc9j68dnxb7lcn1q5yb42a65a0", "action_flag": 3, "change_message": ""}}, {"model": "admin.logentry", "pk": 88, "fields": {"action_time": "2021-09-14T15:20:24.761Z", "user": 1, "content_type": 10, "object_id": "6", "object_repr": "yc8bwdmowty6e0n0af845c62v7s20w1z", "action_flag": 3, "change_message": ""}}, {"model": "admin.logentry", "pk": 89, "fields": {"action_time": "2021-09-14T15:20:24.806Z", "user": 1, "content_type": 10, "object_id": "5", "object_repr": "v9562r4az0d67fgh4f2452ig6dhcrqc3", "action_flag": 3, "change_message": ""}}, {"model": "admin.logentry", "pk": 90, "fields": {"action_time": "2021-09-14T19:10:19.488Z", "user": 1, "content_type": 10, "object_id": "2", "object_repr": "q0pvz8nm5ganahg24o38upu5nky7oj2j", "action_flag": 3, "change_message": ""}}, {"model": "admin.logentry", "pk": 91, "fields": {"action_time": "2021-09-14T19:10:19.557Z", "user": 1, "content_type": 10, "object_id": "1", "object_repr": "2nhvbexpkqb4f736wcbjxy0t13rp5x9o", "action_flag": 3, "change_message": ""}}, {"model": "admin.logentry", "pk": 92, "fields": {"action_time": "2021-09-15T16:19:35.614Z", "user": 1, "content_type": 14, "object_id": "3", "object_repr": "Salima", "action_flag": 3, "change_message": ""}}, {"model": "admin.logentry", "pk": 93, "fields": {"action_time": "2021-09-15T16:19:35.697Z", "user": 1, "content_type": 14, "object_id": "2", "object_repr": "Salima", "action_flag": 3, "change_message": ""}}, {"model": "admin.logentry", "pk": 94, "fields": {"action_time": "2021-09-15T16:19:35.731Z", "user": 1, "content_type": 14, "object_id": "1", "object_repr": "Salima", "action_flag": 3, "change_message": ""}}, {"model": "admin.logentry", "pk": 95, "fields": {"action_time": "2021-09-18T06:29:16.711Z", "user": 1, "content_type": 14, "object_id": "37", "object_repr": "Salima", "action_flag": 3, "change_message": ""}}, {"model": "admin.logentry", "pk": 96, "fields": {"action_time": "2021-09-18T06:29:29.632Z", "user": 1, "content_type": 14, "object_id": "36", "object_repr": "Salima", "action_flag": 3, "change_message": ""}}, {"model": "admin.logentry", "pk": 97, "fields": {"action_time": "2021-09-18T06:29:29.707Z", "user": 1, "content_type": 14, "object_id": "35", "object_repr": "Salima", "action_flag": 3, "change_message": ""}}, {"model": "admin.logentry", "pk": 98, "fields": {"action_time": "2021-09-18T06:29:29.782Z", "user": 1, "content_type": 14, "object_id": "34", "object_repr": "Salima", "action_flag": 3, "change_message": ""}}, {"model": "admin.logentry", "pk": 99, "fields": {"action_time": "2021-09-18T06:29:29.849Z", "user": 1, "content_type": 14, "object_id": "33", "object_repr": "Salima", "action_flag": 3, "change_message": ""}}, {"model": "admin.logentry", "pk": 100, "fields": {"action_time": "2021-09-18T06:29:29.915Z", "user": 1, "content_type": 14, "object_id": "32", "object_repr": "Salima", "action_flag": 3, "change_message": ""}}, {"model": "admin.logentry", "pk": 101, "fields": {"action_time": "2021-09-18T06:29:29.983Z", "user": 1, "content_type": 14, "object_id": "31", "object_repr": "Salima", "action_flag": 3, "change_message": ""}}, {"model": "admin.logentry", "pk": 102, "fields": {"action_time": "2021-09-18T06:29:30.072Z", "user": 1, "content_type": 14, "object_id": "30", "object_repr": "Salima", "action_flag": 3, "change_message": ""}}, {"model": "admin.logentry", "pk": 103, "fields": {"action_time": "2021-09-18T06:29:30.226Z", "user": 1, "content_type": 14, "object_id": "29", "object_repr": "Salima", "action_flag": 3, "change_message": ""}}, {"model": "admin.logentry", "pk": 104, "fields": {"action_time": "2021-09-18T06:29:30.382Z", "user": 1, "content_type": 14, "object_id": "28", "object_repr": "Salima", "action_flag": 3, "change_message": ""}}, {"model": "admin.logentry", "pk": 105, "fields": {"action_time": "2021-09-18T06:29:30.481Z", "user": 1, "content_type": 14, "object_id": "27", "object_repr": "Salima", "action_flag": 3, "change_message": ""}}, {"model": "admin.logentry", "pk": 106, "fields": {"action_time": "2021-09-18T06:29:30.571Z", "user": 1, "content_type": 14, "object_id": "26", "object_repr": "Salima", "action_flag": 3, "change_message": ""}}, {"model": "admin.logentry", "pk": 107, "fields": {"action_time": "2021-09-18T06:29:30.639Z", "user": 1, "content_type": 14, "object_id": "25", "object_repr": "Salima", "action_flag": 3, "change_message": ""}}, {"model": "admin.logentry", "pk": 108, "fields": {"action_time": "2021-09-18T06:29:30.715Z", "user": 1, "content_type": 14, "object_id": "24", "object_repr": "Salima", "action_flag": 3, "change_message": ""}}, {"model": "admin.logentry", "pk": 109, "fields": {"action_time": "2021-09-18T06:29:30.782Z", "user": 1, "content_type": 14, "object_id": "23", "object_repr": "Salima", "action_flag": 3, "change_message": ""}}, {"model": "admin.logentry", "pk": 110, "fields": {"action_time": "2021-09-18T06:29:30.927Z", "user": 1, "content_type": 14, "object_id": "22", "object_repr": "Salima", "action_flag": 3, "change_message": ""}}, {"model": "admin.logentry", "pk": 111, "fields": {"action_time": "2021-09-18T06:29:31.027Z", "user": 1, "content_type": 14, "object_id": "21", "object_repr": "Salima", "action_flag": 3, "change_message": ""}}, {"model": "admin.logentry", "pk": 112, "fields": {"action_time": "2021-09-18T06:29:31.116Z", "user": 1, "content_type": 14, "object_id": "20", "object_repr": "Salima", "action_flag": 3, "change_message": ""}}, {"model": "admin.logentry", "pk": 113, "fields": {"action_time": "2021-09-18T06:29:31.205Z", "user": 1, "content_type": 14, "object_id": "19", "object_repr": "Salima", "action_flag": 3, "change_message": ""}}, {"model": "admin.logentry", "pk": 114, "fields": {"action_time": "2021-09-18T06:29:31.282Z", "user": 1, "content_type": 14, "object_id": "18", "object_repr": "Salima", "action_flag": 3, "change_message": ""}}, {"model": "admin.logentry", "pk": 115, "fields": {"action_time": "2021-09-18T06:29:31.349Z", "user": 1, "content_type": 14, "object_id": "17", "object_repr": "Salima", "action_flag": 3, "change_message": ""}}, {"model": "admin.logentry", "pk": 116, "fields": {"action_time": "2021-09-18T06:29:31.416Z", "user": 1, "content_type": 14, "object_id": "16", "object_repr": "Salima", "action_flag": 3, "change_message": ""}}, {"model": "admin.logentry", "pk": 117, "fields": {"action_time": "2021-09-18T06:29:31.484Z", "user": 1, "content_type": 14, "object_id": "15", "object_repr": "Salima", "action_flag": 3, "change_message": ""}}, {"model": "admin.logentry", "pk": 118, "fields": {"action_time": "2021-09-18T06:29:31.549Z", "user": 1, "content_type": 14, "object_id": "14", "object_repr": "Salima", "action_flag": 3, "change_message": ""}}, {"model": "admin.logentry", "pk": 119, "fields": {"action_time": "2021-09-18T06:29:31.617Z", "user": 1, "content_type": 14, "object_id": "13", "object_repr": "Salima", "action_flag": 3, "change_message": ""}}, {"model": "admin.logentry", "pk": 120, "fields": {"action_time": "2021-09-18T06:29:31.761Z", "user": 1, "content_type": 14, "object_id": "12", "object_repr": "Salima", "action_flag": 3, "change_message": ""}}, {"model": "admin.logentry", "pk": 121, "fields": {"action_time": "2021-09-18T06:29:31.849Z", "user": 1, "content_type": 14, "object_id": "11", "object_repr": "Salima", "action_flag": 3, "change_message": ""}}, {"model": "admin.logentry", "pk": 122, "fields": {"action_time": "2021-09-18T06:29:31.938Z", "user": 1, "content_type": 14, "object_id": "10", "object_repr": "Salima", "action_flag": 3, "change_message": ""}}, {"model": "admin.logentry", "pk": 123, "fields": {"action_time": "2021-09-18T06:29:32.027Z", "user": 1, "content_type": 14, "object_id": "9", "object_repr": "Salima", "action_flag": 3, "change_message": ""}}, {"model": "admin.logentry", "pk": 124, "fields": {"action_time": "2021-09-18T06:29:32.127Z", "user": 1, "content_type": 14, "object_id": "8", "object_repr": "Salima", "action_flag": 3, "change_message": ""}}, {"model": "admin.logentry", "pk": 125, "fields": {"action_time": "2021-09-18T06:29:32.249Z", "user": 1, "content_type": 14, "object_id": "7", "object_repr": "Salima", "action_flag": 3, "change_message": ""}}, {"model": "admin.logentry", "pk": 126, "fields": {"action_time": "2021-09-18T06:29:32.372Z", "user": 1, "content_type": 14, "object_id": "6", "object_repr": "Salima", "action_flag": 3, "change_message": ""}}, {"model": "admin.logentry", "pk": 127, "fields": {"action_time": "2021-09-18T06:29:32.482Z", "user": 1, "content_type": 14, "object_id": "5", "object_repr": "Salima", "action_flag": 3, "change_message": ""}}, {"model": "admin.logentry", "pk": 128, "fields": {"action_time": "2021-09-18T06:29:32.605Z", "user": 1, "content_type": 14, "object_id": "4", "object_repr": "Salima", "action_flag": 3, "change_message": ""}}, {"model": "admin.logentry", "pk": 129, "fields": {"action_time": "2021-09-22T22:49:00.805Z", "user": 1, "content_type": 14, "object_id": "47", "object_repr": "Salima", "action_flag": 3, "change_message": ""}}, {"model": "admin.logentry", "pk": 130, "fields": {"action_time": "2021-09-22T22:49:00.991Z", "user": 1, "content_type": 14, "object_id": "46", "object_repr": "Salima", "action_flag": 3, "change_message": ""}}, {"model": "admin.logentry", "pk": 131, "fields": {"action_time": "2021-09-22T22:49:01.081Z", "user": 1, "content_type": 14, "object_id": "45", "object_repr": "Salima", "action_flag": 3, "change_message": ""}}, {"model": "admin.logentry", "pk": 132, "fields": {"action_time": "2021-09-22T22:49:01.194Z", "user": 1, "content_type": 14, "object_id": "44", "object_repr": "Salima", "action_flag": 3, "change_message": ""}}, {"model": "admin.logentry", "pk": 133, "fields": {"action_time": "2021-09-22T22:49:01.349Z", "user": 1, "content_type": 14, "object_id": "43", "object_repr": "Salima", "action_flag": 3, "change_message": ""}}, {"model": "admin.logentry", "pk": 134, "fields": {"action_time": "2021-09-22T22:49:01.448Z", "user": 1, "content_type": 14, "object_id": "42", "object_repr": "Salima", "action_flag": 3, "change_message": ""}}, {"model": "admin.logentry", "pk": 135, "fields": {"action_time": "2021-09-22T22:49:01.526Z", "user": 1, "content_type": 14, "object_id": "41", "object_repr": "Salima", "action_flag": 3, "change_message": ""}}, {"model": "admin.logentry", "pk": 136, "fields": {"action_time": "2021-09-22T22:49:01.592Z", "user": 1, "content_type": 14, "object_id": "40", "object_repr": "Salima", "action_flag": 3, "change_message": ""}}, {"model": "admin.logentry", "pk": 137, "fields": {"action_time": "2021-09-22T22:49:01.670Z", "user": 1, "content_type": 14, "object_id": "39", "object_repr": "Salima", "action_flag": 3, "change_message": ""}}, {"model": "admin.logentry", "pk": 138, "fields": {"action_time": "2021-09-22T22:49:01.783Z", "user": 1, "content_type": 14, "object_id": "38", "object_repr": "Salima", "action_flag": 3, "change_message": ""}}, {"model": "admin.logentry", "pk": 139, "fields": {"action_time": "2021-09-22T22:49:14.855Z", "user": 1, "content_type": 13, "object_id": "1", "object_repr": "83V19627PH369083E", "action_flag": 3, "change_message": ""}}, {"model": "admin.logentry", "pk": 140, "fields": {"action_time": "2021-09-23T10:03:29.339Z", "user": 1, "content_type": 8, "object_id": "4", "object_repr": "Tommy Hilfigier", "action_flag": 2, "change_message": "[{\"changed\": {\"fields\": [\"Stock\"]}}]"}}, {"model": "admin.logentry", "pk": 141, "fields": {"action_time": "2021-09-27T10:49:54.665Z", "user": 1, "content_type": 12, "object_id": "23", "object_repr": "Tommy Hilfigier", "action_flag": 3, "change_message": ""}}, {"model": "admin.logentry", "pk": 142, "fields": {"action_time": "2021-09-27T10:49:54.796Z", "user": 1, "content_type": 12, "object_id": "22", "object_repr": "Tommy Hilfigier", "action_flag": 3, "change_message": ""}}, {"model": "admin.logentry", "pk": 143, "fields": {"action_time": "2021-09-27T10:49:55.054Z", "user": 1, "content_type": 12, "object_id": "21", "object_repr": "Gucci shirt", "action_flag": 3, "change_message": ""}}, {"model": "admin.logentry", "pk": 144, "fields": {"action_time": "2021-09-27T10:49:55.194Z", "user": 1, "content_type": 12, "object_id": "20", "object_repr": "Gucci shirt", "action_flag": 3, "change_message": ""}}, {"model": "admin.logentry", "pk": 145, "fields": {"action_time": "2021-09-27T10:49:55.364Z", "user": 1, "content_type": 12, "object_id": "19", "object_repr": "Gucci shirt", "action_flag": 3, "change_message": ""}}, {"model": "admin.logentry", "pk": 146, "fields": {"action_time": "2021-09-27T10:49:55.700Z", "user": 1, "content_type": 12, "object_id": "18", "object_repr": "Gucci shirt", "action_flag": 3, "change_message": ""}}, {"model": "admin.logentry", "pk": 147, "fields": {"action_time": "2021-09-27T10:49:55.973Z", "user": 1, "content_type": 12, "object_id": "17", "object_repr": "Gucci shirt", "action_flag": 3, "change_message": ""}}, {"model": "admin.logentry", "pk": 148, "fields": {"action_time": "2021-09-27T10:49:56.110Z", "user": 1, "content_type": 12, "object_id": "16", "object_repr": "Gucci shirt", "action_flag": 3, "change_message": ""}}, {"model": "admin.logentry", "pk": 149, "fields": {"action_time": "2021-09-27T10:49:56.166Z", "user": 1, "content_type": 12, "object_id": "15", "object_repr": "Tommy Hilfigier", "action_flag": 3, "change_message": ""}}, {"model": "admin.logentry", "pk": 150, "fields": {"action_time": "2021-09-27T10:49:56.247Z", "user": 1, "content_type": 12, "object_id": "14", "object_repr": "Gucci shirt", "action_flag": 3, "change_message": ""}}, {"model": "admin.logentry", "pk": 151, "fields": {"action_time": "2021-09-27T10:49:56.294Z", "user": 1, "content_type": 12, "object_id": "13", "object_repr": "Tommy Hilfigier", "action_flag": 3, "change_message": ""}}, {"model": "admin.logentry", "pk": 152, "fields": {"action_time": "2021-09-27T10:49:56.328Z", "user": 1, "content_type": 12, "object_id": "12", "object_repr": "Tommy Hilfigier", "action_flag": 3, "change_message": ""}}, {"model": "admin.logentry", "pk": 153, "fields": {"action_time": "2021-09-27T10:49:56.454Z", "user": 1, "content_type": 12, "object_id": "11", "object_repr": "Gucci shirt", "action_flag": 3, "change_message": ""}}, {"model": "admin.logentry", "pk": 154, "fields": {"action_time": "2021-09-27T10:49:56.592Z", "user": 1, "content_type": 12, "object_id": "10", "object_repr": "Tommy Hilfigier", "action_flag": 3, "change_message": ""}}, {"model": "admin.logentry", "pk": 155, "fields": {"action_time": "2021-09-27T10:49:56.706Z", "user": 1, "content_type": 12, "object_id": "9", "object_repr": "Tommy Hilfigier", "action_flag": 3, "change_message": ""}}, {"model": "admin.logentry", "pk": 156, "fields": {"action_time": "2021-09-27T10:49:56.753Z", "user": 1, "content_type": 12, "object_id": "8", "object_repr": "Gucci shirt", "action_flag": 3, "change_message": ""}}, {"model": "admin.logentry", "pk": 157, "fields": {"action_time": "2021-09-27T10:49:56.799Z", "user": 1, "content_type": 12, "object_id": "7", "object_repr": "Tommy Hilfigier", "action_flag": 3, "change_message": ""}}, {"model": "admin.logentry", "pk": 158, "fields": {"action_time": "2021-09-27T10:49:56.833Z", "user": 1, "content_type": 12, "object_id": "6", "object_repr": "Tommy Hilfigier", "action_flag": 3, "change_message": ""}}, {"model": "admin.logentry", "pk": 159, "fields": {"action_time": "2021-09-27T10:49:56.880Z", "user": 1, "content_type": 12, "object_id": "5", "object_repr": "Gucci shirt", "action_flag": 3, "change_message": ""}}, {"model": "admin.logentry", "pk": 160, "fields": {"action_time": "2021-09-27T10:49:56.915Z", "user": 1, "content_type": 12, "object_id": "4", "object_repr": "Tommy Hilfigier", "action_flag": 3, "change_message": ""}}, {"model": "admin.logentry", "pk": 161, "fields": {"action_time": "2021-09-27T10:49:56.963Z", "user": 1, "content_type": 12, "object_id": "3", "object_repr": "Tommy Hilfigier", "action_flag": 3, "change_message": ""}}, {"model": "admin.logentry", "pk": 162, "fields": {"action_time": "2021-09-27T10:49:57.009Z", "user": 1, "content_type": 12, "object_id": "2", "object_repr": "Gucci shirt", "action_flag": 3, "change_message": ""}}, {"model": "admin.logentry", "pk": 163, "fields": {"action_time": "2021-09-27T10:49:57.079Z", "user": 1, "content_type": 12, "object_id": "1", "object_repr": "Tommy Hilfigier", "action_flag": 3, "change_message": ""}}, {"model": "admin.logentry", "pk": 164, "fields": {"action_time": "2021-09-27T12:57:31.606Z", "user": 1, "content_type": 15, "object_id": "2", "object_repr": "testtt", "action_flag": 2, "change_message": "[{\"changed\": {\"fields\": [\"Rating\"]}}]"}}, {"model": "admin.logentry", "pk": 165, "fields": {"action_time": "2021-09-27T13:00:39.167Z", "user": 1, "content_type": 15, "object_id": "1", "object_repr": "test", "action_flag": 2, "change_message": "[{\"changed\": {\"fields\": [\"Rating\"]}}]"}}, {"model": "admin.logentry", "pk": 166, "fields": {"action_time": "2021-09-27T13:00:48.885Z", "user": 1, "content_type": 15, "object_id": "3", "object_repr": "test", "action_flag": 2, "change_message": "[{\"changed\": {\"fields\": [\"Rating\"]}}]"}}, {"model": "admin.logentry", "pk": 167, "fields": {"action_time": "2021-09-27T13:02:51.042Z", "user": 1, "content_type": 15, "object_id": "2", "object_repr": "testtt", "action_flag": 2, "change_message": "[{\"changed\": {\"fields\": [\"Rating\"]}}]"}}, {"model": "admin.logentry", "pk": 168, "fields": {"action_time": "2021-09-27T13:03:06.672Z", "user": 1, "content_type": 15, "object_id": "2", "object_repr": "testtt", "action_flag": 2, "change_message": "[{\"changed\": {\"fields\": [\"Rating\"]}}]"}}, {"model": "admin.logentry", "pk": 169, "fields": {"action_time": "2021-09-27T13:29:07.476Z", "user": 1, "content_type": 15, "object_id": "3", "object_repr": "test", "action_flag": 2, "change_message": "[{\"changed\": {\"fields\": [\"Rating\"]}}]"}}, {"model": "admin.logentry", "pk": 170, "fields": {"action_time": "2021-09-27T14:03:36.339Z", "user": 1, "content_type": 15, "object_id": "3", "object_repr": "test", "action_flag": 2, "change_message": "[{\"changed\": {\"fields\": [\"Rating\"]}}]"}}, {"model": "admin.logentry", "pk": 171, "fields": {"action_time": "2021-09-27T14:04:07.836Z", "user": 1, "content_type": 15, "object_id": "1", "object_repr": "test", "action_flag": 2, "change_message": "[{\"changed\": {\"fields\": [\"Rating\"]}}]"}}, {"model": "admin.logentry", "pk": 172, "fields": {"action_time": "2021-09-27T14:07:12.457Z", "user": 1, "content_type": 15, "object_id": "3", "object_repr": "test", "action_flag": 2, "change_message": "[{\"changed\": {\"fields\": [\"Rating\"]}}]"}}, {"model": "admin.logentry", "pk": 173, "fields": {"action_time": "2021-09-27T14:07:32.587Z", "user": 1, "content_type": 15, "object_id": "3", "object_repr": "test", "action_flag": 2, "change_message": "[{\"changed\": {\"fields\": [\"Rating\"]}}]"}}, {"model": "admin.logentry", "pk": 174, "fields": {"action_time": "2021-09-27T14:07:51.133Z", "user": 1, "content_type": 15, "object_id": "3", "object_repr": "test", "action_flag": 2, "change_message": "[{\"changed\": {\"fields\": [\"Rating\"]}}]"}}, {"model": "admin.logentry", "pk": 175, "fields": {"action_time": "2021-09-27T14:08:29.725Z", "user": 1, "content_type": 15, "object_id": "3", "object_repr": "test", "action_flag": 2, "change_message": "[{\"changed\": {\"fields\": [\"Rating\"]}}]"}}, {"model": "admin.logentry", "pk": 176, "fields": {"action_time": "2021-09-27T14:09:41.915Z", "user": 1, "content_type": 15, "object_id": "1", "object_repr": "test", "action_flag": 2, "change_message": "[{\"changed\": {\"fields\": [\"Rating\"]}}]"}}, {"model": "admin.logentry", "pk": 177, "fields": {"action_time": "2021-09-27T14:10:07.118Z", "user": 1, "content_type": 15, "object_id": "3", "object_repr": "test", "action_flag": 2, "change_message": "[{\"changed\": {\"fields\": [\"Rating\"]}}]"}}, {"model": "admin.logentry", "pk": 178, "fields": {"action_time": "2021-09-27T14:10:29.879Z", "user": 1, "content_type": 15, "object_id": "1", "object_repr": "test", "action_flag": 2, "change_message": "[{\"changed\": {\"fields\": [\"Rating\"]}}]"}}, {"model": "admin.logentry", "pk": 179, "fields": {"action_time": "2021-09-27T14:11:00.130Z", "user": 1, "content_type": 15, "object_id": "1", "object_repr": "test", "action_flag": 2, "change_message": "[{\"changed\": {\"fields\": [\"Rating\"]}}]"}}, {"model": "admin.logentry", "pk": 180, "fields": {"action_time": "2021-09-27T14:17:57.536Z", "user": 1, "content_type": 15, "object_id": "3", "object_repr": "test", "action_flag": 2, "change_message": "[{\"changed\": {\"fields\": [\"Rating\"]}}]"}}, {"model": "admin.logentry", "pk": 181, "fields": {"action_time": "2021-09-27T14:18:03.832Z", "user": 1, "content_type": 15, "object_id": "1", "object_repr": "test", "action_flag": 2, "change_message": "[{\"changed\": {\"fields\": [\"Rating\"]}}]"}}, {"model": "admin.logentry", "pk": 182, "fields": {"action_time": "2021-09-27T14:18:22.622Z", "user": 1, "content_type": 15, "object_id": "3", "object_repr": "test", "action_flag": 2, "change_message": "[{\"changed\": {\"fields\": [\"Rating\"]}}]"}}, {"model": "admin.logentry", "pk": 183, "fields": {"action_time": "2021-09-27T14:18:34.921Z", "user": 1, "content_type": 15, "object_id": "1", "object_repr": "test", "action_flag": 2, "change_message": "[{\"changed\": {\"fields\": [\"Rating\"]}}]"}}, {"model": "admin.logentry", "pk": 184, "fields": {"action_time": "2021-09-28T10:28:41.843Z", "user": 1, "content_type": 16, "object_id": "1", "object_repr": "Salima", "action_flag": 1, "change_message": "[{\"added\": {}}]"}}, {"model": "admin.logentry", "pk": 185, "fields": {"action_time": "2021-09-29T14:50:15.727Z", "user": 1, "content_type": 16, "object_id": "1", "object_repr": "Salimah", "action_flag": 2, "change_message": "[{\"changed\": {\"fields\": [\"Profile pics\"]}}]"}}, {"model": "admin.logentry", "pk": 186, "fields": {"action_time": "2021-09-30T11:52:37.051Z", "user": 1, "content_type": 8, "object_id": "2", "object_repr": "ATX-Jeans", "action_flag": 2, "change_message": "[{\"added\": {\"name\": \"productgallery\", \"object\": \"ATX-Jeans\"}}]"}}, {"model": "admin.logentry", "pk": 187, "fields": {"action_time": "2021-09-30T12:29:48.135Z", "user": 1, "content_type": 8, "object_id": "2", "object_repr": "ATX-Jeans", "action_flag": 2, "change_message": "[{\"added\": {\"name\": \"productgallery\", \"object\": \"ATX-Jeans\"}}]"}}, {"model": "admin.logentry", "pk": 188, "fields": {"action_time": "2021-10-01T13:07:49.767Z", "user": 1, "content_type": 14, "object_id": "69", "object_repr": "Salima", "action_flag": 3, "change_message": ""}}, {"model": "admin.logentry", "pk": 189, "fields": {"action_time": "2021-10-01T13:07:49.869Z", "user": 1, "content_type": 14, "object_id": "68", "object_repr": "Salima", "action_flag": 3, "change_message": ""}}, {"model": "admin.logentry", "pk": 190, "fields": {"action_time": "2021-10-01T13:07:49.948Z", "user": 1, "content_type": 14, "object_id": "67", "object_repr": "Salima", "action_flag": 3, "change_message": ""}}, {"model": "admin.logentry", "pk": 191, "fields": {"action_time": "2021-10-01T13:07:50.053Z", "user": 1, "content_type": 14, "object_id": "66", "object_repr": "Salima", "action_flag": 3, "change_message": ""}}, {"model": "admin.logentry", "pk": 192, "fields": {"action_time": "2021-10-01T13:07:50.169Z", "user": 1, "content_type": 14, "object_id": "65", "object_repr": "Salima", "action_flag": 3, "change_message": ""}}, {"model": "admin.logentry", "pk": 193, "fields": {"action_time": "2021-10-01T13:07:50.245Z", "user": 1, "content_type": 14, "object_id": "64", "object_repr": "Salima", "action_flag": 3, "change_message": ""}}, {"model": "admin.logentry", "pk": 194, "fields": {"action_time": "2021-10-01T13:07:50.323Z", "user": 1, "content_type": 14, "object_id": "63", "object_repr": "Salima", "action_flag": 3, "change_message": ""}}, {"model": "admin.logentry", "pk": 195, "fields": {"action_time": "2021-10-01T13:07:50.401Z", "user": 1, "content_type": 14, "object_id": "62", "object_repr": "Salima", "action_flag": 3, "change_message": ""}}, {"model": "admin.logentry", "pk": 196, "fields": {"action_time": "2021-10-01T13:07:50.469Z", "user": 1, "content_type": 14, "object_id": "61", "object_repr": "Salima", "action_flag": 3, "change_message": ""}}, {"model": "admin.logentry", "pk": 197, "fields": {"action_time": "2021-10-01T13:07:50.547Z", "user": 1, "content_type": 14, "object_id": "60", "object_repr": "Salima", "action_flag": 3, "change_message": ""}}, {"model": "admin.logentry", "pk": 198, "fields": {"action_time": "2021-10-01T13:07:50.625Z", "user": 1, "content_type": 14, "object_id": "59", "object_repr": "Salima", "action_flag": 3, "change_message": ""}}, {"model": "admin.logentry", "pk": 199, "fields": {"action_time": "2021-10-01T13:07:50.724Z", "user": 1, "content_type": 14, "object_id": "58", "object_repr": "Salima", "action_flag": 3, "change_message": ""}}, {"model": "admin.logentry", "pk": 200, "fields": {"action_time": "2021-10-01T13:07:50.814Z", "user": 1, "content_type": 14, "object_id": "57", "object_repr": "Salima", "action_flag": 3, "change_message": ""}}, {"model": "admin.logentry", "pk": 201, "fields": {"action_time": "2021-10-01T13:07:50.890Z", "user": 1, "content_type": 14, "object_id": "56", "object_repr": "Salima", "action_flag": 3, "change_message": ""}}, {"model": "admin.logentry", "pk": 202, "fields": {"action_time": "2021-10-01T13:07:50.957Z", "user": 1, "content_type": 14, "object_id": "55", "object_repr": "Salima", "action_flag": 3, "change_message": ""}}, {"model": "admin.logentry", "pk": 203, "fields": {"action_time": "2021-10-01T13:08:11.382Z", "user": 1, "content_type": 14, "object_id": "54", "object_repr": "Salima", "action_flag": 3, "change_message": ""}}, {"model": "admin.logentry", "pk": 204, "fields": {"action_time": "2021-10-01T13:08:11.469Z", "user": 1, "content_type": 14, "object_id": "53", "object_repr": "Salima", "action_flag": 3, "change_message": ""}}, {"model": "admin.logentry", "pk": 205, "fields": {"action_time": "2021-10-01T13:08:11.546Z", "user": 1, "content_type": 14, "object_id": "52", "object_repr": "Salima", "action_flag": 3, "change_message": ""}}, {"model": "admin.logentry", "pk": 206, "fields": {"action_time": "2021-10-01T13:08:11.624Z", "user": 1, "content_type": 14, "object_id": "51", "object_repr": "Salima", "action_flag": 3, "change_message": ""}}, {"model": "admin.logentry", "pk": 207, "fields": {"action_time": "2021-10-01T13:08:11.691Z", "user": 1, "content_type": 14, "object_id": "50", "object_repr": "Salima", "action_flag": 3, "change_message": ""}}, {"model": "admin.logentry", "pk": 208, "fields": {"action_time": "2021-10-01T13:08:11.770Z", "user": 1, "content_type": 14, "object_id": "49", "object_repr": "Salima", "action_flag": 3, "change_message": ""}}, {"model": "admin.logentry", "pk": 209, "fields": {"action_time": "2021-10-01T13:08:11.848Z", "user": 1, "content_type": 14, "object_id": "48", "object_repr": "Salima", "action_flag": 3, "change_message": ""}}, {"model": "admin.logentry", "pk": 210, "fields": {"action_time": "2021-10-01T13:09:00.007Z", "user": 1, "content_type": 13, "object_id": "18", "object_repr": "8YK72824X5069201Y", "action_flag": 3, "change_message": ""}}, {"model": "admin.logentry", "pk": 211, "fields": {"action_time": "2021-10-01T13:09:00.116Z", "user": 1, "content_type": 13, "object_id": "17", "object_repr": "41U03744425146414", "action_flag": 3, "change_message": ""}}, {"model": "admin.logentry", "pk": 212, "fields": {"action_time": "2021-10-01T13:09:00.204Z", "user": 1, "content_type": 13, "object_id": "16", "object_repr": "24X35427HH036494R", "action_flag": 3, "change_message": ""}}, {"model": "admin.logentry", "pk": 213, "fields": {"action_time": "2021-10-01T13:09:00.304Z", "user": 1, "content_type": 13, "object_id": "15", "object_repr": "98645489U33880801", "action_flag": 3, "change_message": ""}}, {"model": "admin.logentry", "pk": 214, "fields": {"action_time": "2021-10-01T13:09:00.405Z", "user": 1, "content_type": 13, "object_id": "14", "object_repr": "57246376TW4862818", "action_flag": 3, "change_message": ""}}, {"model": "admin.logentry", "pk": 215, "fields": {"action_time": "2021-10-01T13:09:00.483Z", "user": 1, "content_type": 13, "object_id": "13", "object_repr": "59F97581K5738635N", "action_flag": 3, "change_message": ""}}, {"model": "admin.logentry", "pk": 216, "fields": {"action_time": "2021-10-01T13:09:00.594Z", "user": 1, "content_type": 13, "object_id": "12", "object_repr": "7MB89833BU732171K", "action_flag": 3, "change_message": ""}}, {"model": "admin.logentry", "pk": 217, "fields": {"action_time": "2021-10-01T13:09:00.705Z", "user": 1, "content_type": 13, "object_id": "11", "object_repr": "3A645211EP940523B", "action_flag": 3, "change_message": ""}}, {"model": "admin.logentry", "pk": 218, "fields": {"action_time": "2021-10-01T13:09:00.782Z", "user": 1, "content_type": 13, "object_id": "10", "object_repr": "76101270RK725583G", "action_flag": 3, "change_message": ""}}, {"model": "admin.logentry", "pk": 219, "fields": {"action_time": "2021-10-01T13:09:00.861Z", "user": 1, "content_type": 13, "object_id": "9", "object_repr": "4GE12025UA212754M", "action_flag": 3, "change_message": ""}}, {"model": "admin.logentry", "pk": 220, "fields": {"action_time": "2021-10-01T13:09:00.938Z", "user": 1, "content_type": 13, "object_id": "8", "object_repr": "53L34420XF342323J", "action_flag": 3, "change_message": ""}}, {"model": "admin.logentry", "pk": 221, "fields": {"action_time": "2021-10-01T13:09:01.016Z", "user": 1, "content_type": 13, "object_id": "7", "object_repr": "88886773JD4488117", "action_flag": 3, "change_message": ""}}, {"model": "admin.logentry", "pk": 222, "fields": {"action_time": "2021-10-01T13:09:01.094Z", "user": 1, "content_type": 13, "object_id": "6", "object_repr": "8F94723738220764K", "action_flag": 3, "change_message": ""}}, {"model": "admin.logentry", "pk": 223, "fields": {"action_time": "2021-10-01T13:09:01.184Z", "user": 1, "content_type": 13, "object_id": "5", "object_repr": "25986379N0939440H", "action_flag": 3, "change_message": ""}}, {"model": "admin.logentry", "pk": 224, "fields": {"action_time": "2021-10-01T13:09:01.325Z", "user": 1, "content_type": 13, "object_id": "4", "object_repr": "2T730110DC060230P", "action_flag": 3, "change_message": ""}}, {"model": "admin.logentry", "pk": 225, "fields": {"action_time": "2021-10-01T13:09:01.404Z", "user": 1, "content_type": 13, "object_id": "3", "object_repr": "2ES22085CC431130H", "action_flag": 3, "change_message": ""}}, {"model": "admin.logentry", "pk": 226, "fields": {"action_time": "2021-10-01T13:09:01.472Z", "user": 1, "content_type": 13, "object_id": "2", "object_repr": "39S09801GR0942453", "action_flag": 3, "change_message": ""}}, {"model": "auth.permission", "pk": 1, "fields": {"name": "Can add log entry", "content_type": 1, "codename": "add_logentry"}}, {"model": "auth.permission", "pk": 2, "fields": {"name": "Can change log entry", "content_type": 1, "codename": "change_logentry"}}, {"model": "auth.permission", "pk": 3, "fields": {"name": "Can delete log entry", "content_type": 1, "codename": "delete_logentry"}}, {"model": "auth.permission", "pk": 4, "fields": {"name": "Can view log entry", "content_type": 1, "codename": "view_logentry"}}, {"model": "auth.permission", "pk": 5, "fields": {"name": "Can add permission", "content_type": 2, "codename": "add_permission"}}, {"model": "auth.permission", "pk": 6, "fields": {"name": "Can change permission", "content_type": 2, "codename": "change_permission"}}, {"model": "auth.permission", "pk": 7, "fields": {"name": "Can delete permission", "content_type": 2, "codename": "delete_permission"}}, {"model": "auth.permission", "pk": 8, "fields": {"name": "Can view permission", "content_type": 2, "codename": "view_permission"}}, {"model": "auth.permission", "pk": 9, "fields": {"name": "Can add group", "content_type": 3, "codename": "add_group"}}, {"model": "auth.permission", "pk": 10, "fields": {"name": "Can change group", "content_type": 3, "codename": "change_group"}}, {"model": "auth.permission", "pk": 11, "fields": {"name": "Can delete group", "content_type": 3, "codename": "delete_group"}}, {"model": "auth.permission", "pk": 12, "fields": {"name": "Can view group", "content_type": 3, "codename": "view_group"}}, {"model": "auth.permission", "pk": 13, "fields": {"name": "Can add content type", "content_type": 4, "codename": "add_contenttype"}}, {"model": "auth.permission", "pk": 14, "fields": {"name": "Can change content type", "content_type": 4, "codename": "change_contenttype"}}, {"model": "auth.permission", "pk": 15, "fields": {"name": "Can delete content type", "content_type": 4, "codename": "delete_contenttype"}}, {"model": "auth.permission", "pk": 16, "fields": {"name": "Can view content type", "content_type": 4, "codename": "view_contenttype"}}, {"model": "auth.permission", "pk": 17, "fields": {"name": "Can add session", "content_type": 5, "codename": "add_session"}}, {"model": "auth.permission", "pk": 18, "fields": {"name": "Can change session", "content_type": 5, "codename": "change_session"}}, {"model": "auth.permission", "pk": 19, "fields": {"name": "Can delete session", "content_type": 5, "codename": "delete_session"}}, {"model": "auth.permission", "pk": 20, "fields": {"name": "Can view session", "content_type": 5, "codename": "view_session"}}, {"model": "auth.permission", "pk": 21, "fields": {"name": "Can add category", "content_type": 6, "codename": "add_category"}}, {"model": "auth.permission", "pk": 22, "fields": {"name": "Can change category", "content_type": 6, "codename": "change_category"}}, {"model": "auth.permission", "pk": 23, "fields": {"name": "Can delete category", "content_type": 6, "codename": "delete_category"}}, {"model": "auth.permission", "pk": 24, "fields": {"name": "Can view category", "content_type": 6, "codename": "view_category"}}, {"model": "auth.permission", "pk": 25, "fields": {"name": "Can add account", "content_type": 7, "codename": "add_account"}}, {"model": "auth.permission", "pk": 26, "fields": {"name": "Can change account", "content_type": 7, "codename": "change_account"}}, {"model": "auth.permission", "pk": 27, "fields": {"name": "Can delete account", "content_type": 7, "codename": "delete_account"}}, {"model": "auth.permission", "pk": 28, "fields": {"name": "Can view account", "content_type": 7, "codename": "view_account"}}, {"model": "auth.permission", "pk": 29, "fields": {"name": "Can add product", "content_type": 8, "codename": "add_product"}}, {"model": "auth.permission", "pk": 30, "fields": {"name": "Can change product", "content_type": 8, "codename": "change_product"}}, {"model": "auth.permission", "pk": 31, "fields": {"name": "Can delete product", "content_type": 8, "codename": "delete_product"}}, {"model": "auth.permission", "pk": 32, "fields": {"name": "Can view product", "content_type": 8, "codename": "view_product"}}, {"model": "auth.permission", "pk": 33, "fields": {"name": "Can add cart_item", "content_type": 9, "codename": "add_cart_item"}}, {"model": "auth.permission", "pk": 34, "fields": {"name": "Can change cart_item", "content_type": 9, "codename": "change_cart_item"}}, {"model": "auth.permission", "pk": 35, "fields": {"name": "Can delete cart_item", "content_type": 9, "codename": "delete_cart_item"}}, {"model": "auth.permission", "pk": 36, "fields": {"name": "Can view cart_item", "content_type": 9, "codename": "view_cart_item"}}, {"model": "auth.permission", "pk": 37, "fields": {"name": "Can add cart", "content_type": 10, "codename": "add_cart"}}, {"model": "auth.permission", "pk": 38, "fields": {"name": "Can change cart", "content_type": 10, "codename": "change_cart"}}, {"model": "auth.permission", "pk": 39, "fields": {"name": "Can delete cart", "content_type": 10, "codename": "delete_cart"}}, {"model": "auth.permission", "pk": 40, "fields": {"name": "Can view cart", "content_type": 10, "codename": "view_cart"}}, {"model": "auth.permission", "pk": 41, "fields": {"name": "Can add variation", "content_type": 11, "codename": "add_variation"}}, {"model": "auth.permission", "pk": 42, "fields": {"name": "Can change variation", "content_type": 11, "codename": "change_variation"}}, {"model": "auth.permission", "pk": 43, "fields": {"name": "Can delete variation", "content_type": 11, "codename": "delete_variation"}}, {"model": "auth.permission", "pk": 44, "fields": {"name": "Can view variation", "content_type": 11, "codename": "view_variation"}}, {"model": "auth.permission", "pk": 45, "fields": {"name": "Can add order product", "content_type": 12, "codename": "add_orderproduct"}}, {"model": "auth.permission", "pk": 46, "fields": {"name": "Can change order product", "content_type": 12, "codename": "change_orderproduct"}}, {"model": "auth.permission", "pk": 47, "fields": {"name": "Can delete order product", "content_type": 12, "codename": "delete_orderproduct"}}, {"model": "auth.permission", "pk": 48, "fields": {"name": "Can view order product", "content_type": 12, "codename": "view_orderproduct"}}, {"model": "auth.permission", "pk": 49, "fields": {"name": "Can add payment", "content_type": 13, "codename": "add_payment"}}, {"model": "auth.permission", "pk": 50, "fields": {"name": "Can change payment", "content_type": 13, "codename": "change_payment"}}, {"model": "auth.permission", "pk": 51, "fields": {"name": "Can delete payment", "content_type": 13, "codename": "delete_payment"}}, {"model": "auth.permission", "pk": 52, "fields": {"name": "Can view payment", "content_type": 13, "codename": "view_payment"}}, {"model": "auth.permission", "pk": 53, "fields": {"name": "Can add order", "content_type": 14, "codename": "add_order"}}, {"model": "auth.permission", "pk": 54, "fields": {"name": "Can change order", "content_type": 14, "codename": "change_order"}}, {"model": "auth.permission", "pk": 55, "fields": {"name": "Can delete order", "content_type": 14, "codename": "delete_order"}}, {"model": "auth.permission", "pk": 56, "fields": {"name": "Can view order", "content_type": 14, "codename": "view_order"}}, {"model": "auth.permission", "pk": 57, "fields": {"name": "Can add review rating", "content_type": 15, "codename": "add_reviewrating"}}, {"model": "auth.permission", "pk": 58, "fields": {"name": "Can change review rating", "content_type": 15, "codename": "change_reviewrating"}}, {"model": "auth.permission", "pk": 59, "fields": {"name": "Can delete review rating", "content_type": 15, "codename": "delete_reviewrating"}}, {"model": "auth.permission", "pk": 60, "fields": {"name": "Can view review rating", "content_type": 15, "codename": "view_reviewrating"}}, {"model": "auth.permission", "pk": 61, "fields": {"name": "Can add user profile", "content_type": 16, "codename": "add_userprofile"}}, {"model": "auth.permission", "pk": 62, "fields": {"name": "Can change user profile", "content_type": 16, "codename": "change_userprofile"}}, {"model": "auth.permission", "pk": 63, "fields": {"name": "Can delete user profile", "content_type": 16, "codename": "delete_userprofile"}}, {"model": "auth.permission", "pk": 64, "fields": {"name": "Can view user profile", "content_type": 16, "codename": "view_userprofile"}}, {"model": "auth.permission", "pk": 65, "fields": {"name": "Can add productgallery", "content_type": 17, "codename": "add_productgallery"}}, {"model": "auth.permission", "pk": 66, "fields": {"name": "Can change productgallery", "content_type": 17, "codename": "change_productgallery"}}, {"model": "auth.permission", "pk": 67, "fields": {"name": "Can delete productgallery", "content_type": 17, "codename": "delete_productgallery"}}, {"model": "auth.permission", "pk": 68, "fields": {"name": "Can view productgallery", "content_type": 17, "codename": "view_productgallery"}}, {"model": "auth.permission", "pk": 69, "fields": {"name": "Can add login attempt", "content_type": 18, "codename": "add_loginattempt"}}, {"model": "auth.permission", "pk": 70, "fields": {"name": "Can change login attempt", "content_type": 18, "codename": "change_loginattempt"}}, {"model": "auth.permission", "pk": 71, "fields": {"name": "Can delete login attempt", "content_type": 18, "codename": "delete_loginattempt"}}, {"model": "auth.permission", "pk": 72, "fields": {"name": "Can view login attempt", "content_type": 18, "codename": "view_loginattempt"}}, {"model": "contenttypes.contenttype", "pk": 1, "fields": {"app_label": "admin", "model": "logentry"}}, {"model": "contenttypes.contenttype", "pk": 2, "fields": {"app_label": "auth", "model": "permission"}}, {"model": "contenttypes.contenttype", "pk": 3, "fields": {"app_label": "auth", "model": "group"}}, {"model": "contenttypes.contenttype", "pk": 4, "fields": {"app_label": "contenttypes", "model": "contenttype"}}, {"model": "contenttypes.contenttype", "pk": 5, "fields": {"app_label": "sessions", "model": "session"}}, {"model": "contenttypes.contenttype", "pk": 6, "fields": {"app_label": "category", "model": "category"}}, {"model": "contenttypes.contenttype", "pk": 7, "fields": {"app_label": "accounts", "model": "account"}}, {"model": "contenttypes.contenttype", "pk": 8, "fields": {"app_label": "store", "model": "product"}}, {"model": "contenttypes.contenttype", "pk": 9, "fields": {"app_label": "cart", "model": "cart_item"}}, {"model": "contenttypes.contenttype", "pk": 10, "fields": {"app_label": "cart", "model": "cart"}}, {"model": "contenttypes.contenttype", "pk": 11, "fields": {"app_label": "store", "model": "variation"}}, {"model": "contenttypes.contenttype", "pk": 12, "fields": {"app_label": "order", "model": "orderproduct"}}, {"model": "contenttypes.contenttype", "pk": 13, "fields": {"app_label": "order", "model": "payment"}}, {"model": "contenttypes.contenttype", "pk": 14, "fields": {"app_label": "order", "model": "order"}}, {"model": "contenttypes.contenttype", "pk": 15, "fields": {"app_label": "store", "model": "reviewrating"}}, {"model": "contenttypes.contenttype", "pk": 16, "fields": {"app_label": "accounts", "model": "userprofile"}}, {"model": "contenttypes.contenttype", "pk": 17, "fields": {"app_label": "store", "model": "productgallery"}}, {"model": "contenttypes.contenttype", "pk": 18, "fields": {"app_label": "admin_honeypot", "model": "loginattempt"}}, {"model": "sessions.session", "pk": "0olszt6da70woq2qghcg4qc5hwt858jq", "fields": {"session_data": "e30:1mQWbN:vWQ44vTUA5HavSkbiMag_RiqduvvJcTmBvgyPeD28E0", "expire_date": "2021-09-29T15:13:33.823Z"}}, {"model": "sessions.session", "pk": "1cc4fqyqv4jhwp89rons1h1dagudxf71", "fields": {"session_data": ".eJxVjEsOAiEQBe_C2hCaTzO4dO8ZSAONM2ogmc_KeHedZBa6fVX1XiLSto5xW3iOUxFnoa04_Y6J8oPbTsqd2q3L3Ns6T0nuijzoIq-98PNyuH8HIy3jtw4QXNIEfghsLJQ0GKedT7piMZgVAdhMiAaywlwJAqpCjqtnZEsg3h_rTDfJ:1mRUIf:7lwOCRRofJJ_RyNH7Z1HsmrFqtKSz39ofw2H5ij4fY0", "expire_date": "2021-10-02T06:58:13.606Z"}}, {"model": "sessions.session", "pk": "2fmg39x7b50urtoba7um7bez2g81g20i", "fields": {"session_data": ".eJxVjDsOwjAQBe_iGlleKw5eSnrOYHk_wQHkSHFSIe6OLKWA9s3Me5uU962kvemaZjEXA-b0u1Hmp9YO5JHrfbG81G2dyXbFHrTZ2yL6uh7u30HJrfR6DBIAEZj8yEMIKsQaFSgCMCMP6jwpepxynhyAUHQ-qj-LRxE2ny_6yji8:1mGMNt:SEwAMhUo43vVo0lOKU5gBhPh2L9WU_2Q4odYkF_RczA", "expire_date": "2021-09-01T14:17:37.978Z"}}, {"model": "sessions.session", "pk": "4eny4fq96nsci6uzhx4l5v6j82vqcd38", "fields": {"session_data": ".eJxVjDsOwjAQBe_iGlleKw5eSnrOYHk_wQHkSHFSIe6OLKWA9s3Me5uU962kvemaZjEXA-b0u1Hmp9YO5JHrfbG81G2dyXbFHrTZ2yL6uh7u30HJrfR6DBIAEZj8yEMIKsQaFSgCMCMP6jwpepxynhyAUHQ-qj-LRxE2ny_6yji8:1mFxIQ:C21o98r4Ffq62y4bhbY8HY5MT0MyT5_P_A3eKrY6A7I", "expire_date": "2021-08-31T11:30:18.743Z"}}, {"model": "sessions.session", "pk": "foj2li5kqcknmctrhat0lhohd8ywe2zt", "fields": {"session_data": ".eJxVjDsOwjAQBe_iGlleKw5eSnrOYHk_wQHkSHFSIe6OLKWA9s3Me5uU962kvemaZjEXA-b0u1Hmp9YO5JHrfbG81G2dyXbFHrTZ2yL6uh7u30HJrfR6DBIAEZj8yEMIKsQaFSgCMCMP6jwpepxynhyAUHQ-qj-LRxE2ny_6yji8:1mKgl0:78Gw3iF7ZAO9X2bZC1Eaf7kt-syh--7b13sz8XBlHww", "expire_date": "2021-09-13T12:51:22.889Z"}}, {"model": "sessions.session", "pk": "rgxpwbohuhcj5d83rj6d8n9ada8yjzg0", "fields": {"session_data": ".eJxVjDsOwjAQBe_iGlleKw5eSnrOYHk_wQHkSHFSIe6OLKWA9s3Me5uU962kvemaZjEXA-b0u1Hmp9YO5JHrfbG81G2dyXbFHrTZ2yL6uh7u30HJrfR6DBIAEZj8yEMIKsQaFSgCMCMP6jwpepxynhyAUHQ-qj-LRxE2ny_6yji8:1mERxq:3sGB5KUbtQtIEDkXT8GKZFye1ebqW7gQDq2SaRET4jQ", "expire_date": "2021-08-27T07:50:50.866Z"}}, {"model": "sessions.session", "pk": "wk1jjcjm00lz7uawdszqq82lgfu1m5lq", "fields": {"session_data": ".eJxVjDsOwjAQBe_iGlleKw5eSnrOYHk_wQHkSHFSIe6OLKWA9s3Me5uU962kvemaZjEXA-b0u1Hmp9YO5JHrfbG81G2dyXbFHrTZ2yL6uh7u30HJrfR6DBIAEZj8yEMIKsQaFSgCMCMP6jwpepxynhyAUHQ-qj-LRxE2ny_6yji8:1mDlAO:u79NLkh9RDZREf8rX6bkKtOEptX_lj1hiruxwOohv10", "expire_date": "2021-08-25T10:08:56.066Z"}}, {"model": "sessions.session", "pk": "xhrn683rwnpbwkb5aztdvfld4uvzvuof", "fields": {"session_data": "e30:1mXJkF:s5G1NmQn5kiwrkWlEPcla4GZeYDH9OLoxWtIsxgTvG4", "expire_date": "2021-10-18T08:54:47.056Z"}}, {"model": "sessions.session", "pk": "yx1hw3cup5yinfql22drw1svsnizf5y3", "fields": {"session_data": ".eJxVjDsOwjAQBe_iGlleKw5eSnrOYHk_wQHkSHFSIe6OLKWA9s3Me5uU962kvemaZjEXA-b0u1Hmp9YO5JHrfbG81G2dyXbFHrTZ2yL6uh7u30HJrfR6DBIAEZj8yEMIKsQaFSgCMCMP6jwpepxynhyAUHQ-qj-LRxE2ny_6yji8:1mGMNu:69nFGIZR3ekGHu1q59ojdWoSrP1hlP6_k8Ex8Adr0fw", "expire_date": "2021-09-01T14:17:38.533Z"}}, {"model": "category.category", "pk": 1, "fields": {"category_name": "Shirts", "slug": "shirts", "description": "Sample shirt collection", "cat_image": "photos/categories/Great-Tshirt.jpg"}}, {"model": "category.category", "pk": 2, "fields": {"category_name": "trousers", "slug": "trousers", "description": "trousers description", "cat_image": "photos/categories/image1.jpg"}}, {"model": "category.category", "pk": 3, "fields": {"category_name": "Jackets", "slug": "jackets", "description": "View your preferred jacket here", "cat_image": "photos/categories/jackets.jpg"}}, {"model": "category.category", "pk": 4, "fields": {"category_name": "Jeans", "slug": "jeans", "description": "Jeans of all types are available here", "cat_image": "photos/categories/jeans.jpg"}}, {"model": "category.category", "pk": 5, "fields": {"category_name": "Shoes", "slug": "shoes", "description": "Take your feet to the next level", "cat_image": "photos/categories/shoes.png"}}, {"model": "accounts.account", "pk": 1, "fields": {"password": "pbkdf2_sha256$260000$sWh4hWZQfPwR71JQsSBrzj$+EpboPBeryIurZsx8KK2AygzNokKMSuZ2cY/mc2xe3c=", "is_superuser": false, "first_name": "sally", "last_name": "omari", "username": "admin", "email": "sally@gmail.com", "phone_number": "", "date_joined": "2021-08-11T10:08:22.905Z", "last_login": "2021-10-01T13:07:25.011Z", "is_admin": true, "is_staff": true, "is_active": true, "is_superadmin": true, "groups": [], "user_permissions": []}}, {"model": "accounts.account", "pk": 24, "fields": {"password": "pbkdf2_sha256$260000$IpUdEQ7k1eXIVzBcGFiSbU$AftNiOSu5hVWQXiMbCaREEeDCmGLdO434pBPrag70f8=", "is_superuser": false, "first_name": "Salimah", "last_name": "Omari", "username": "salimaaomari", "email": "salimaaomari@gmail.com", "phone_number": "+2348102673692", "date_joined": "2021-09-14T10:15:15.913Z", "last_login": "2021-10-01T13:09:32.472Z", "is_admin": true, "is_staff": false, "is_active": true, "is_superadmin": true, "groups": [], "user_permissions": []}}, {"model": "accounts.userprofile", "pk": 1, "fields": {"user": 24, "address": "5,Lidipe close, Iju Ishaga, Lagos state", "profile_pics": "userprofile/IMG_3129.JPG", "city": "Lagos", "state": "Lagos", "country": "Nigeria"}}, {"model": "store.product", "pk": 1, "fields": {"product_name": "Gucci shirt", "slug": "gucci-shirt", "description": "one of a kind", "price": 3000, "images": "photos/products/tshirts.jpg", "stock": 62, "is_available": true, "category": 1, "created_date": "2021-08-13T08:13:52.487Z", "modified_date": "2021-10-01"}}, {"model": "store.product", "pk": 2, "fields": {"product_name": "ATX-Jeans", "slug": "atx-jeans", "description": "something nice", "price": 5000, "images": "photos/products/ATX-Jeans.jpg", "stock": 40, "is_available": true, "category": 2, "created_date": "2021-08-13T08:17:12.711Z", "modified_date": "2021-09-30"}}, {"model": "store.product", "pk": 3, "fields": {"product_name": "Blue-Shirt", "slug": "blue-shirt", "description": "Cover your chest", "price": 2000, "images": "photos/products/Blue-Shirt.jpg", "stock": 10, "is_available": true, "category": 1, "created_date": "2021-08-13T08:18:12.831Z", "modified_date": "2021-08-13"}}, {"model": "store.product", "pk": 4, "fields": {"product_name": "Tommy Hilfigier", "slug": "tommy-hilfigier", "description": "...", "price": 7000, "images": "photos/products/image2.jpg", "stock": 0, "is_available": true, "category": 2, "created_date": "2021-08-13T08:28:09.150Z", "modified_date": "2021-09-27"}}, {"model": "store.product", "pk": 5, "fields": {"product_name": "Puma-Ferrari-Shoes", "slug": "puma-ferrari-shoes", "description": "shoes", "price": 17000, "images": "photos/products/Puma-Ferrari-Shoes.jpg", "stock": 4, "is_available": true, "category": 5, "created_date": "2021-08-13T08:31:56.081Z", "modified_date": "2021-08-19"}}, {"model": "store.product", "pk": 6, "fields": {"product_name": "Jordan true flight basketball shoes", "slug": "jordan-true-flight-basketball-shoes", "description": "", "price": 20000, "images": "photos/products/jordan-true-flight-basketball-shoes.jpg", "stock": 7, "is_available": true, "category": 5, "created_date": "2021-08-13T08:32:41.968Z", "modified_date": "2021-08-13"}}, {"model": "store.product", "pk": 7, "fields": {"product_name": "US polo assn jacket", "slug": "us-polo-assn-jacket", "description": "", "price": 8500, "images": "photos/products/US-Polo-Assn_Jacket.jpg", "stock": 0, "is_available": true, "category": 3, "created_date": "2021-08-13T08:33:19.352Z", "modified_date": "2021-08-17"}}, {"model": "store.product", "pk": 8, "fields": {"product_name": "Wrangler shirt", "slug": "wrangler-shirt", "description": "", "price": 3800, "images": "photos/products/Wrangler-Shirt.jpg", "stock": 16, "is_available": true, "category": 1, "created_date": "2021-08-13T08:33:54.902Z", "modified_date": "2021-08-13"}}, {"model": "store.variation", "pk": 1, "fields": {"product": 2, "variation_category": "color", "variation_value": "red", "is_active": true, "created_date": "2021-08-24T15:12:23.815Z"}}, {"model": "store.variation", "pk": 2, "fields": {"product": 4, "variation_category": "color", "variation_value": "blue", "is_active": true, "created_date": "2021-08-24T15:12:44.026Z"}}, {"model": "store.variation", "pk": 3, "fields": {"product": 4, "variation_category": "size", "variation_value": "medium", "is_active": true, "created_date": "2021-08-24T15:41:37.834Z"}}, {"model": "store.variation", "pk": 4, "fields": {"product": 4, "variation_category": "color", "variation_value": "black", "is_active": true, "created_date": "2021-08-24T20:37:07.119Z"}}, {"model": "store.variation", "pk": 5, "fields": {"product": 4, "variation_category": "size", "variation_value": "large", "is_active": true, "created_date": "2021-08-24T20:37:20.769Z"}}, {"model": "store.variation", "pk": 6, "fields": {"product": 1, "variation_category": "color", "variation_value": "grey", "is_active": true, "created_date": "2021-08-25T20:44:30.356Z"}}, {"model": "store.variation", "pk": 7, "fields": {"product": 1, "variation_category": "size", "variation_value": "small", "is_active": true, "created_date": "2021-08-25T20:46:17.167Z"}}, {"model": "store.reviewrating", "pk": 1, "fields": {"product": 4, "user": 1, "subject": "test", "review": "test", "rating": 3.5, "ip": "127.0.0.1", "status": true, "created_at": "2021-09-27T09:32:30.799Z", "updated_at": "2021-09-27T14:18:34.919Z"}}, {"model": "store.reviewrating", "pk": 2, "fields": {"product": 1, "user": 24, "subject": "Test", "review": "Amazing outfit", "rating": 4.5, "ip": "127.0.0.1", "status": true, "created_at": "2021-09-27T09:37:08.368Z", "updated_at": "2021-10-01T13:13:19.769Z"}}, {"model": "store.reviewrating", "pk": 3, "fields": {"product": 4, "user": 24, "subject": "test", "review": "ght", "rating": 4.0, "ip": "127.0.0.1", "status": true, "created_at": "2021-09-27T09:47:04.397Z", "updated_at": "2021-09-27T14:18:22.620Z"}}, {"model": "store.productgallery", "pk": 1, "fields": {"product": 2, "image": "store/products/20191119_093852.jpg"}}, {"model": "store.productgallery", "pk": 2, "fields": {"product": 2, "image": "store/products/IMG-20191029-WA0030.jpg"}}, {"model": "cart.cart", "pk": 3, "fields": {"cart_id": "12f82u9vhnjm1yd74er3i1ia0zla81k0", "date_added": "2021-09-14T19:11:40.685Z"}}, {"model": "cart.cart", "pk": 4, "fields": {"cart_id": "nw1h56ctdfldh8kg4z67rpl45iqtqao3", "date_added": "2021-09-14T19:18:23.140Z"}}, {"model": "cart.cart", "pk": 5, "fields": {"cart_id": "cc3fq9o4i9ej61aphtj76ev29v536kyr", "date_added": "2021-09-14T19:43:50.926Z"}}, {"model": "cart.cart", "pk": 6, "fields": {"cart_id": "7fn542mdd8893c7pufcf2io6s6kkqsgy", "date_added": "2021-09-14T19:46:44.659Z"}}, {"model": "cart.cart", "pk": 7, "fields": {"cart_id": "vkwq6gb98ti2v9qmukkf1wju08k1g2vt", "date_added": "2021-09-14T19:49:24.929Z"}}, {"model": "cart.cart", "pk": 8, "fields": {"cart_id": "8rsabblsu2otk9ee7ze3zzan5lmjn6kz", "date_added": "2021-09-15T08:11:19.736Z"}}, {"model": "cart.cart", "pk": 9, "fields": {"cart_id": "357nz3qss64ewsl61owo8nqo21k0q83a", "date_added": "2021-09-15T08:12:14.136Z"}}, {"model": "cart.cart", "pk": 10, "fields": {"cart_id": "ab2rydgeul15ikhi787miscvh2yry589", "date_added": "2021-09-15T08:47:15.760Z"}}, {"model": "cart.cart", "pk": 11, "fields": {"cart_id": "z7abbujdr038d3kwr7hyc9xhumf7cac7", "date_added": "2021-09-15T08:48:33.718Z"}}, {"model": "cart.cart", "pk": 12, "fields": {"cart_id": "mdjf4rc5g0bj2kz8jntepksjj1hwinyl", "date_added": "2021-09-15T08:50:24.875Z"}}, {"model": "cart.cart", "pk": 13, "fields": {"cart_id": "ky0uqgssmsxcydc9uv68xbyuwkg8qeoe", "date_added": "2021-09-15T08:59:12.899Z"}}, {"model": "cart.cart", "pk": 14, "fields": {"cart_id": "k34z0l05qen1pxv6ovcjznn1oo2ohkrk", "date_added": "2021-09-15T09:02:54.268Z"}}, {"model": "cart.cart_item", "pk": 6, "fields": {"user": null, "product": 1, "cart": 3, "quantity": 1, "is_active": true, "variation": [6, 7]}}, {"model": "cart.cart_item", "pk": 8, "fields": {"user": null, "product": 1, "cart": 4, "quantity": 1, "is_active": true, "variation": [6, 7]}}, {"model": "cart.cart_item", "pk": 10, "fields": {"user": null, "product": 1, "cart": 6, "quantity": 1, "is_active": true, "variation": [6, 7]}}, {"model": "cart.cart_item", "pk": 11, "fields": {"user": null, "product": 1, "cart": 7, "quantity": 1, "is_active": true, "variation": [6, 7]}}, {"model": "cart.cart_item", "pk": 12, "fields": {"user": null, "product": 1, "cart": 8, "quantity": 1, "is_active": true, "variation": [6, 7]}}, {"model": "cart.cart_item", "pk": 13, "fields": {"user": null, "product": 1, "cart": 9, "quantity": 1, "is_active": true, "variation": [6, 7]}}, {"model": "cart.cart_item", "pk": 14, "fields": {"user": null, "product": 1, "cart": 10, "quantity": 1, "is_active": true, "variation": [6, 7]}}, {"model": "cart.cart_item", "pk": 15, "fields": {"user": null, "product": 1, "cart": 11, "quantity": 1, "is_active": true, "variation": [6, 7]}}, {"model": "cart.cart_item", "pk": 16, "fields": {"user": null, "product": 1, "cart": 12, "quantity": 1, "is_active": true, "variation": [6, 7]}}, {"model": "cart.cart_item", "pk": 17, "fields": {"user": null, "product": 1, "cart": 13, "quantity": 1, "is_active": true, "variation": [6, 7]}}, {"model": "cart.cart_item", "pk": 18, "fields": {"user": null, "product": 1, "cart": 14, "quantity": 1, "is_active": true, "variation": [6, 7]}}, {"model": "cart.cart_item", "pk": 33, "fields": {"user": 1, "product": 4, "cart": null, "quantity": 1, "is_active": true, "variation": [2, 3]}}, {"model": "order.payment", "pk": 19, "fields": {"user": 24, "payment_id": "0VL204011E046615H", "payment_method": "paypal", "amount_paid": "3060.0", "status": "COMPLETED", "created_at": "2021-10-01T13:12:32.702Z"}}, {"model": "order.order", "pk": 70, "fields": {"user": 24, "Payment": null, "order_number": "20211001-70", "first_name": "Salima", "last_name": "Omari", "email": "salimaaomari@gmail.com", "phone": "+2348102673693", "address": "5,Lidipe close, Iju Ishaga, Lagos", "country": "Nigeria", "state": "Kwara", "city": "Ilorin", "order_note": "nice outfit", "order_total": 3060.0, "tax": 60.0, "status": "New", "ip": "127.0.0.1", "is_ordered": false, "created_at": "2021-10-01T13:11:04.435Z", "updated_at": "2021-10-01T13:11:04.543Z"}}, {"model": "order.order", "pk": 71, "fields": {"user": 24, "Payment": 19, "order_number": "20211001-71", "first_name": "Salima", "last_name": "Omari", "email": "salimaaomari@gmail.com", "phone": "+2348102673693", "address": "5,Lidipe close, Iju Ishaga, Lagos", "country": "Nigeria", "state": "Kwara", "city": "Ilorin", "order_note": "nice outfit", "order_total": 3060.0, "tax": 60.0, "status": "New", "ip": "127.0.0.1", "is_ordered": true, "created_at": "2021-10-01T13:12:03.231Z", "updated_at": "2021-10-01T13:12:32.801Z"}}, {"model": "order.orderproduct", "pk": 27, "fields": {"order": 71, "payment": 19, "user": 24, "product": 1, "quantity": 1, "product_price": 3000.0, "ordered": true, "created_at": "2021-10-01T13:12:32.919Z", "updated_at": "2021-10-01T13:12:33.121Z", "variation": [6, 7]}}, {"model": "admin_honeypot.loginattempt", "pk": 1, "fields": {"username": "sally@gmail.com", "ip_address": "127.0.0.1", "session_key": "6sgkiux46jmtzohau15ms4q1bazxu6kh", "user_agent": "Mozilla/5.0 (Windows NT 10.0; Win64; x64) AppleWebKit/537.36 (KHTML, like Gecko) Chrome/94.0.4606.61 Safari/537.36", "timestamp": "2021-09-30T13:40:57.798Z", "path": "/admin/login/?next=/admin/store/productgallery/2/change/"}}]